Workbook

Sheet raw_sales
A1: TransactionID | B1: TransactionDate | C1: CustomerID | D1: CustomerName | E1: Gender | F1: Age | G1: City | H1: State | I1: ProductName | J1: Category | K1: SubCategory | L1: Quantity | M1: Price | N1: PaymentMode | O1: OrderStatus
A2: TXN100000 | B2: 13-08-2025 | C2: CUST1003 | D2: Samaira Subramanian | E2: Female | F2: 41 | G2: Delhi | H2: Delhi | I2: Wooden Table | J2: Furniture | K2: Table | L2: 5 | M2: 12000 | N2: Cash | O2: Delivered
A3: TXN100001 | B3: 2025/01/31 | C3: CUST1262 | D3: Siya Andra | E3: Male | F3: 59 | G3: Delhi | H3: Delhi | I3: Wooden Table | J3: Furniture | K3: Table | L3: 3 | M3: 12000 | N3: Cash | O3: Returned
A4: TXN100002 | B4: 2025/08/10 | C4: CUST1653 | D4: Ishaan Lala | E4: Female | F4: 36 | G4: Pune | H4: Maharashtra | I4: iPhone 14 | J4: Electronics | K4: Mobile | L4: 1 | M4: 65000 | N4: Credit Card | O4: Returned
A5: TXN100003 | B5: 19-12-2025 | C5: CUST1254 | D5: Seher Raman | E5: Female | F5: 58 | G5: Kolkata | H5: West Bengal | I5: Sony Headphones | J5: Electronics | K5: Accessories | L5: 4 | M5: 5000 | N5: UPI | O5: Returned
A6: TXN100004 | B6: 01-05-2025 | C6: CUST1749 | D6: Trisha Buch | E6: Female | F6: 57 | G6: Chennai | H6: Tamil Nadu | I6: Nike Shoes | J6: Fashion | K6: Footwear | L6: 1 | M6: 4500 | N6: UPI | O6: Delivered
A7: TXN100005 | B7: 2025/08/03 | C7: CUST1692 | D7: Shalv Boase | E7: Female | F7: 40 | G7: Mumbai | H7: Maharashtra | I7: Nike Shoes | J7: Fashion | K7: Footwear | L7: 4 | M7: 4500 | N7: UPI | O7: Returned
A8: TXN100006 | B8: 22-05-2025 | C8: CUST1645 | D8: Samar Karnik | E8: Female | F8: 21 | G8: Mumbai | H8: Maharashtra | I8: iPhone 14 | J8: Electronics | K8: Mobile | L8: 3 | M8: 65000 | N8: Credit Card | O8: Delivered
A9: TXN100007 | B9: 2025/07/05 | C9: CUST1173 | D9: Hansh Chaudhuri | E9: Female | F9: 43 | G9: Delhi | H9: Delhi | I9: Nike Shoes | J9: Fashion | K9: Footwear | L9: 4 | M9: 4500 | N9: Debit Card | O9: Returned
A10: TXN100008 | B10: 2025/05/12 | C10: CUST1343 | D10: Pihu Bawa | E10: Female | F10: 43 | G10: Hyderabad | H10: Telangana | I10: Adidas T-Shirt | J10: Fashion | K10: Clothing | L10: 3 | M10: 1800 | N10: Debit Card | O10: Delivered
A11: TXN100009 | B11: 24-05-2025 | C11: CUST1049 | D11: Chirag Banik | E11: Female | F11: 60 | G11: Kolkata | H11: West Bengal | I11: HP Laptop | J11: Electronics | K11: Laptop | L11: 1 | M11: 72000 | N11: Debit Card | O11: Returned
A12: TXN100010 | B12: 2025/07/25 | C12: CUST1034 | D12: Advik Khalsa | E12: Female | F12: 19 | G12: Bengaluru | H12: Karnataka | I12: Adidas T-Shirt | J12: Fashion | K12: Clothing | L12: 4 | M12: 1800 | N12: Debit Card | O12: Delivered
A13: TXN100011 | B13: 2025/07/20 | C13: CUST1819 | D13: Eshani Divan | E13: Male | F13: 50 | G13: Kolkata | H13: West Bengal | I13: Wooden Table | J13: Furniture | K13: Table | L13: 2 | M13: 12000 | N13: Cash | O13: Delivered
... A1201: TXN101199 | B1201: 26-05-2025 | C1201: CUST1912 | D1201: Amani Krishnamurthy | E1201: Female | F1201: 55 | G1201: Delhi | H1201: Delhi | I1201: Nike Shoes | J1201: Fashion | K1201: Footwear | L1201: 5 | M1201: 4500 | N1201: UPI | O1201: Cancelled

Sheet clean_sales
A1: TransactionID | B1: TransactionDate | C1: CustomerID | D1: CustomerName | E1: Gender | F1: Age | G1: City | H1: State | I1: ProductName | J1: Category | K1: SubCategory | L1: Quantity | M1: Price | N1: PaymentMode | O1: OrderStatus | P1: CleanDate | Q1: CleanCustomerName | R1: CleanCity | S1: CleanState | T1: SalesAmount
A2: TXN100000 | B2: 13-08-2025 | C2: CUST1003 | D2: Samaira Subramanian | E2: Female | F2: 41 | G2: Delhi | H2: Delhi | I2: Wooden Table | J2: Furniture | K2: Table | L2: 5 | M2: 12000 | N2: Cash | O2: Delivered | P2: =DATEVALUE(SUBSTITUTE(B2,"/","-")) -> 45882 | Q2: =TRIM(CLEAN(D2)) -> Samaira Subramanian | R2: =IF(G2="","Unknown",G2) -> Delhi | S2: =IF(H2="","Unknown",H2) -> Delhi | T2: =L2*M2 -> 60000
A3: TXN100001 | B3: 2025/01/31 | C3: CUST1262 | D3: Siya Andra | E3: Male | F3: 59 | G3: Delhi | H3: Delhi | I3: Wooden Table | J3: Furniture | K3: Table | L3: 3 | M3: 12000 | N3: Cash | O3: Returned | P3: =DATEVALUE(SUBSTITUTE(B3,"/","-")) -> 45688 | Q3: =TRIM(CLEAN(D3)) -> Siya Andra | R3: =IF(G3="","Unknown",G3) -> Delhi | S3: =IF(H3="","Unknown",H3) -> Delhi | T3: =L3*M3 -> 36000
A4: TXN100002 | B4: 2025/08/10 | C4: CUST1653 | D4: Ishaan Lala | E4: Female | F4: 36 | G4: Pune | H4: Maharashtra | I4: iPhone 14 | J4: Electronics | K4: Mobile | L4: 1 | M4: 65000 | N4: Credit Card | O4: Returned | P4: =DATEVALUE(SUBSTITUTE(B4,"/","-")) -> 45879 | Q4: =TRIM(CLEAN(D4)) -> Ishaan Lala | R4: =IF(G4="","Unknown",G4) -> Pune | S4: =IF(H4="","Unknown",H4) -> Maharashtra | T4: =L4*M4 -> 65000
A5: TXN100003 | B5: 19-12-2025 | C5: CUST1254 | D5: Seher Raman | E5: Female | F5: 58 | G5: Kolkata | H5: West Bengal | I5: Sony Headphones | J5: Electronics | K5: Accessories | L5: 4 | M5: 5000 | N5: UPI | O5: Returned | P5: =DATEVALUE(SUBSTITUTE(B5,"/","-")) -> 46010 | Q5: =TRIM(CLEAN(D5)) -> Seher Raman | R5: =IF(G5="","Unknown",G5) -> Kolkata | S5: =IF(H5="","Unknown",H5) -> West Bengal | T5: =L5*M5 -> 20000
A6: TXN100004 | B6: 01-05-2025 | C6: CUST1749 | D6: Trisha Buch | E6: Female | F6: 57 | G6: Chennai | H6: Tamil Nadu | I6: Nike Shoes | J6: Fashion | K6: Footwear | L6: 1 | M6: 4500 | N6: UPI | O6: Delivered | P6: =DATEVALUE(SUBSTITUTE(B6,"/","-")) -> 45778 | Q6: =TRIM(CLEAN(D6)) -> Trisha Buch | R6: =IF(G6="","Unknown",G6) -> Chennai | S6: =IF(H6="","Unknown",H6) -> Tamil Nadu | T6: =L6*M6 -> 4500
A7: TXN100005 | B7: 2025/08/03 | C7: CUST1692 | D7: Shalv Boase | E7: Female | F7: 40 | G7: Mumbai | H7: Maharashtra | I7: Nike Shoes | J7: Fashion | K7: Footwear | L7: 4 | M7: 4500 | N7: UPI | O7: Returned | P7: =DATEVALUE(SUBSTITUTE(B7,"/","-")) -> 45872 | Q7: =TRIM(CLEAN(D7)) -> Shalv Boase | R7: =IF(G7="","Unknown",G7) -> Mumbai | S7: =IF(H7="","Unknown",H7) -> Maharashtra | T7: =L7*M7 -> 18000
A8: TXN100006 | B8: 22-05-2025 | C8: CUST1645 | D8: Samar Karnik | E8: Female | F8: 21 | G8: Mumbai | H8: Maharashtra | I8: iPhone 14 | J8: Electronics | K8: Mobile | L8: 3 | M8: 65000 | N8: Credit Card | O8: Delivered | P8: =DATEVALUE(SUBSTITUTE(B8,"/","-")) -> 45799 | Q8: =TRIM(CLEAN(D8)) -> Samar Karnik | R8: =IF(G8="","Unknown",G8) -> Mumbai | S8: =IF(H8="","Unknown",H8) -> Maharashtra | T8: =L8*M8 -> 195000
A9: TXN100007 | B9: 2025/07/05 | C9: CUST1173 | D9: Hansh Chaudhuri | E9: Female | F9: 43 | G9: Delhi | H9: Delhi | I9: Nike Shoes | J9: Fashion | K9: Footwear | L9: 4 | M9: 4500 | N9: Debit Card | O9: Returned | P9: =DATEVALUE(SUBSTITUTE(B9,"/","-")) -> 45843 | Q9: =TRIM(CLEAN(D9)) -> Hansh Chaudhuri | R9: =IF(G9="","Unknown",G9) -> Delhi | S9: =IF(H9="","Unknown",H9) -> Delhi | T9: =L9*M9 -> 18000
A10: TXN100008 | B10: 2025/05/12 | C10: CUST1343 | D10: Pihu Bawa | E10: Female | F10: 43 | G10: Hyderabad | H10: Telangana | I10: Adidas T-Shirt | J10: Fashion | K10: Clothing | L10: 3 | M10: 1800 | N10: Debit Card | O10: Delivered | P10: =DATEVALUE(SUBSTITUTE(B10,"/","-")) -> 45789 | Q10: =TRIM(CLEAN(D10)) -> Pihu Bawa | R10: =IF(G10="","Unknown",G10) -> Hyderabad | S10: =IF(H10="","Unknown",H10) -> Telangana | T10: =L10*M10 -> 5400
A11: TXN100009 | B11: 24-05-2025 | C11: CUST1049 | D11: Chirag Banik | E11: Female | F11: 60 | G11: Kolkata | H11: West Bengal | I11: HP Laptop | J11: Electronics | K11: Laptop | L11: 1 | M11: 72000 | N11: Debit Card | O11: Returned | P11: =DATEVALUE(SUBSTITUTE(B11,"/","-")) -> 45801 | Q11: =TRIM(CLEAN(D11)) -> Chirag Banik | R11: =IF(G11="","Unknown",G11) -> Kolkata | S11: =IF(H11="","Unknown",H11) -> West Bengal | T11: =L11*M11 -> 72000
A12: TXN100010 | B12: 2025/07/25 | C12: CUST1034 | D12: Advik Khalsa | E12: Female | F12: 19 | G12: Bengaluru | H12: Karnataka | I12: Adidas T-Shirt | J12: Fashion | K12: Clothing | L12: 4 | M12: 1800 | N12: Debit Card | O12: Delivered | P12: =DATEVALUE(SUBSTITUTE(B12,"/","-")) -> 45863 | Q12: =TRIM(CLEAN(D12)) -> Advik Khalsa | R12: =IF(G12="","Unknown",G12) -> Bengaluru | S12: =IF(H12="","Unknown",H12) -> Karnataka | T12: =L12*M12 -> 7200
A13: TXN100011 | B13: 2025/07/20 | C13: CUST1819 | D13: Eshani Divan | E13: Male | F13: 50 | G13: Kolkata | H13: West Bengal | I13: Wooden Table | J13: Furniture | K13: Table | L13: 2 | M13: 12000 | N13: Cash | O13: Delivered | P13: =DATEVALUE(SUBSTITUTE(B13,"/","-")) -> 45858 | Q13: =TRIM(CLEAN(D13)) -> Eshani Divan | R13: =IF(G13="","Unknown",G13) -> Kolkata | S13: =IF(H13="","Unknown",H13) -> West Bengal | T13: =L13*M13 -> 24000
... A1201: TXN101199 | B1201: 26-05-2025 | C1201: CUST1912 | D1201: Amani Krishnamurthy | E1201: Female | F1201: 55 | G1201: Delhi | H1201: Delhi | I1201: Nike Shoes | J1201: Fashion | K1201: Footwear | L1201: 5 | M1201: 4500 | N1201: UPI | O1201: Cancelled | P1201: =DATEVALUE(SUBSTITUTE(B1201,"/","-")) -> 45803 | Q1201: =TRIM(CLEAN(D1201)) -> Amani Krishnamurthy | R1201: =IF(G1201="","Unknown",G1201) -> Delhi | S1201: =IF(H1201="","Unknown",H1201) -> Delhi | T1201: =L1201*M1201 -> 22500

Sheet Dim_Customer
A1: CustomerKey | B1: CustomerID | C1: CustomerName | D1: City | E1: State
A2: =ROW()-1 -> 1 | B2: CUST1003 | C2: =_xlfn.XLOOKUP(B2,clean_sales!C:C,clean_sales!Q:Q) -> Samaira Subramanian | D2: =_xlfn.XLOOKUP(B2,clean_sales!C:C,clean_sales!R:R) -> Delhi | E2: =_xlfn.XLOOKUP(B2,clean_sales!C:C,clean_sales!S:S) -> Delhi
A3: =ROW()-1 -> 2 | B3: CUST1262 | C3: =_xlfn.XLOOKUP(B3,clean_sales!C:C,clean_sales!Q:Q) -> Siya Andra | D3: =_xlfn.XLOOKUP(B3,clean_sales!C:C,clean_sales!R:R) -> Delhi | E3: =_xlfn.XLOOKUP(B3,clean_sales!C:C,clean_sales!S:S) -> Delhi
A4: =ROW()-1 -> 3 | B4: CUST1653 | C4: =_xlfn.XLOOKUP(B4,clean_sales!C:C,clean_sales!Q:Q) -> Ishaan Lala | D4: =_xlfn.XLOOKUP(B4,clean_sales!C:C,clean_sales!R:R) -> Pune | E4: =_xlfn.XLOOKUP(B4,clean_sales!C:C,clean_sales!S:S) -> Maharashtra
A5: =ROW()-1 -> 4 | B5: CUST1254 | C5: =_xlfn.XLOOKUP(B5,clean_sales!C:C,clean_sales!Q:Q) -> Seher Raman | D5: =_xlfn.XLOOKUP(B5,clean_sales!C:C,clean_sales!R:R) -> Kolkata | E5: =_xlfn.XLOOKUP(B5,clean_sales!C:C,clean_sales!S:S) -> West Bengal
A6: =ROW()-1 -> 5 | B6: CUST1749 | C6: =_xlfn.XLOOKUP(B6,clean_sales!C:C,clean_sales!Q:Q) -> Trisha Buch | D6: =_xlfn.XLOOKUP(B6,clean_sales!C:C,clean_sales!R:R) -> Chennai | E6: =_xlfn.XLOOKUP(B6,clean_sales!C:C,clean_sales!S:S) -> Tamil Nadu
A7: =ROW()-1 -> 6 | B7: CUST1692 | C7: =_xlfn.XLOOKUP(B7,clean_sales!C:C,clean_sales!Q:Q) -> Shalv Boase | D7: =_xlfn.XLOOKUP(B7,clean_sales!C:C,clean_sales!R:R) -> Mumbai | E7: =_xlfn.XLOOKUP(B7,clean_sales!C:C,clean_sales!S:S) -> Maharashtra
A8: =ROW()-1 -> 7 | B8: CUST1645 | C8: =_xlfn.XLOOKUP(B8,clean_sales!C:C,clean_sales!Q:Q) -> Samar Karnik | D8: =_xlfn.XLOOKUP(B8,clean_sales!C:C,clean_sales!R:R) -> Mumbai | E8: =_xlfn.XLOOKUP(B8,clean_sales!C:C,clean_sales!S:S) -> Maharashtra
A9: =ROW()-1 -> 8 | B9: CUST1173 | C9: =_xlfn.XLOOKUP(B9,clean_sales!C:C,clean_sales!Q:Q) -> Hansh Chaudhuri | D9: =_xlfn.XLOOKUP(B9,clean_sales!C:C,clean_sales!R:R) -> Delhi | E9: =_xlfn.XLOOKUP(B9,clean_sales!C:C,clean_sales!S:S) -> Delhi
A10: =ROW()-1 -> 9 | B10: CUST1343 | C10: =_xlfn.XLOOKUP(B10,clean_sales!C:C,clean_sales!Q:Q) -> Pihu Bawa | D10: =_xlfn.XLOOKUP(B10,clean_sales!C:C,clean_sales!R:R) -> Hyderabad | E10: =_xlfn.XLOOKUP(B10,clean_sales!C:C,clean_sales!S:S) -> Telangana
A11: =ROW()-1 -> 10 | B11: CUST1049 | C11: =_xlfn.XLOOKUP(B11,clean_sales!C:C,clean_sales!Q:Q) -> Chirag Banik | D11: =_xlfn.XLOOKUP(B11,clean_sales!C:C,clean_sales!R:R) -> Kolkata | E11: =_xlfn.XLOOKUP(B11,clean_sales!C:C,clean_sales!S:S) -> West Bengal
A12: =ROW()-1 -> 11 | B12: CUST1034 | C12: =_xlfn.XLOOKUP(B12,clean_sales!C:C,clean_sales!Q:Q) -> Advik Khalsa | D12: =_xlfn.XLOOKUP(B12,clean_sales!C:C,clean_sales!R:R) -> Bengaluru | E12: =_xlfn.XLOOKUP(B12,clean_sales!C:C,clean_sales!S:S) -> Karnataka
A13: =ROW()-1 -> 12 | B13: CUST1819 | C13: =_xlfn.XLOOKUP(B13,clean_sales!C:C,clean_sales!Q:Q) -> Eshani Divan | D13: =_xlfn.XLOOKUP(B13,clean_sales!C:C,clean_sales!R:R) -> Kolkata | E13: =_xlfn.XLOOKUP(B13,clean_sales!C:C,clean_sales!S:S) -> West Bengal
... A696: =ROW()-1 -> 695 | B696: CUST1157 | C696: =_xlfn.XLOOKUP(B696,clean_sales!C:C,clean_sales!Q:Q) -> Saksham Dave | D696: =_xlfn.XLOOKUP(B696,clean_sales!C:C,clean_sales!R:R) -> Hyderabad | E696: =_xlfn.XLOOKUP(B696,clean_sales!C:C,clean_sales!S:S) -> Telangana

Sheet Dim_Product
A1: ProductKey | B1: ProductName | C1: Category | D1: SubCategory | E1: Price
A2: =ROW()-1 -> 1 | B2: Wooden Table | C2: =_xlfn.XLOOKUP(B2,clean_sales!I:I,clean_sales!J:J) -> Furniture | D2: =_xlfn.XLOOKUP(B2,clean_sales!I:I,clean_sales!K:K) -> Table | E2: =_xlfn.XLOOKUP(B2,clean_sales!I:I,clean_sales!M:M) -> 12000
A3: =ROW()-1 -> 2 | B3: iPhone 14 | C3: =_xlfn.XLOOKUP(B3,clean_sales!I:I,clean_sales!J:J) -> Electronics | D3: =_xlfn.XLOOKUP(B3,clean_sales!I:I,clean_sales!K:K) -> Mobile | E3: =_xlfn.XLOOKUP(B3,clean_sales!I:I,clean_sales!M:M) -> 65000
A4: =ROW()-1 -> 3 | B4: Sony Headphones | C4: =_xlfn.XLOOKUP(B4,clean_sales!I:I,clean_sales!J:J) -> Electronics | D4: =_xlfn.XLOOKUP(B4,clean_sales!I:I,clean_sales!K:K) -> Accessories | E4: =_xlfn.XLOOKUP(B4,clean_sales!I:I,clean_sales!M:M) -> 5000
A5: =ROW()-1 -> 4 | B5: Nike Shoes | C5: =_xlfn.XLOOKUP(B5,clean_sales!I:I,clean_sales!J:J) -> Fashion | D5: =_xlfn.XLOOKUP(B5,clean_sales!I:I,clean_sales!K:K) -> Footwear | E5: =_xlfn.XLOOKUP(B5,clean_sales!I:I,clean_sales!M:M) -> 4500
A6: =ROW()-1 -> 5 | B6: Adidas T-Shirt | C6: =_xlfn.XLOOKUP(B6,clean_sales!I:I,clean_sales!J:J) -> Fashion | D6: =_xlfn.XLOOKUP(B6,clean_sales!I:I,clean_sales!K:K) -> Clothing | E6: =_xlfn.XLOOKUP(B6,clean_sales!I:I,clean_sales!M:M) -> 1800
A7: =ROW()-1 -> 6 | B7: HP Laptop | C7: =_xlfn.XLOOKUP(B7,clean_sales!I:I,clean_sales!J:J) -> Electronics | D7: =_xlfn.XLOOKUP(B7,clean_sales!I:I,clean_sales!K:K) -> Laptop | E7: =_xlfn.XLOOKUP(B7,clean_sales!I:I,clean_sales!M:M) -> 72000
A8: =ROW()-1 -> 7 | B8: Samsung Galaxy S22 | C8: =_xlfn.XLOOKUP(B8,clean_sales!I:I,clean_sales!J:J) -> Electronics | D8: =_xlfn.XLOOKUP(B8,clean_sales!I:I,clean_sales!K:K) -> Mobile | E8: =_xlfn.XLOOKUP(B8,clean_sales!I:I,clean_sales!M:M) -> 58000

Sheet Dim_Date
A1: DateKey | B1: Date | C1: Month | D1: Quarter | E1: Year
A2: =YEAR(B2)*10000 + MONTH(B2)*100 + DAY(B2) -> 20250813 | B2: 45882 | C2: =TEXT(B2,"mmmm") -> August | D2: ="Q"&ROUNDUP(MONTH(B2)/3,0) -> Q3 | E2: =YEAR(B2) -> 2025
A3: =YEAR(B3)*10000 + MONTH(B3)*100 + DAY(B3) -> 20250131 | B3: 45688 | C3: =TEXT(B3,"mmmm") -> January | D3: ="Q"&ROUNDUP(MONTH(B3)/3,0) -> Q1 | E3: =YEAR(B3) -> 2025
A4: =YEAR(B4)*10000 + MONTH(B4)*100 + DAY(B4) -> 20250810 | B4: 45879 | C4: =TEXT(B4,"mmmm") -> August | D4: ="Q"&ROUNDUP(MONTH(B4)/3,0) -> Q3 | E4: =YEAR(B4) -> 2025
A5: =YEAR(B5)*10000 + MONTH(B5)*100 + DAY(B5) -> 20251219 | B5: 46010 | C5: =TEXT(B5,"mmmm") -> December | D5: ="Q"&ROUNDUP(MONTH(B5)/3,0) -> Q4 | E5: =YEAR(B5) -> 2025
A6: =YEAR(B6)*10000 + MONTH(B6)*100 + DAY(B6) -> 20250501 | B6: 45778 | C6: =TEXT(B6,"mmmm") -> May | D6: ="Q"&ROUNDUP(MONTH(B6)/3,0) -> Q2 | E6: =YEAR(B6) -> 2025
A7: =YEAR(B7)*10000 + MONTH(B7)*100 + DAY(B7) -> 20250803 | B7: 45872 | C7: =TEXT(B7,"mmmm") -> August | D7: ="Q"&ROUNDUP(MONTH(B7)/3,0) -> Q3 | E7: =YEAR(B7) -> 2025
A8: =YEAR(B8)*10000 + MONTH(B8)*100 + DAY(B8) -> 20250522 | B8: 45799 | C8: =TEXT(B8,"mmmm") -> May | D8: ="Q"&ROUNDUP(MONTH(B8)/3,0) -> Q2 | E8: =YEAR(B8) -> 2025
A9: =YEAR(B9)*10000 + MONTH(B9)*100 + DAY(B9) -> 20250705 | B9: 45843 | C9: =TEXT(B9,"mmmm") -> July | D9: ="Q"&ROUNDUP(MONTH(B9)/3,0) -> Q3 | E9: =YEAR(B9) -> 2025
A10: =YEAR(B10)*10000 + MONTH(B10)*100 + DAY(B10) -> 20250512 | B10: 45789 | C10: =TEXT(B10,"mmmm") -> May | D10: ="Q"&ROUNDUP(MONTH(B10)/3,0) -> Q2 | E10: =YEAR(B10) -> 2025
A11: =YEAR(B11)*10000 + MONTH(B11)*100 + DAY(B11) -> 20250524 | B11: 45801 | C11: =TEXT(B11,"mmmm") -> May | D11: ="Q"&ROUNDUP(MONTH(B11)/3,0) -> Q2 | E11: =YEAR(B11) -> 2025
A12: =YEAR(B12)*10000 + MONTH(B12)*100 + DAY(B12) -> 20250725 | B12: 45863 | C12: =TEXT(B12,"mmmm") -> July | D12: ="Q"&ROUNDUP(MONTH(B12)/3,0) -> Q3 | E12: =YEAR(B12) -> 2025
A13: =YEAR(B13)*10000 + MONTH(B13)*100 + DAY(B13) -> 20250720 | B13: 45858 | C13: =TEXT(B13,"mmmm") -> July | D13: ="Q"&ROUNDUP(MONTH(B13)/3,0) -> Q3 | E13: =YEAR(B13) -> 2025
... A348: =YEAR(B348)*10000 + MONTH(B348)*100 + DAY(B348) -> 20251121 | B348: 45982 | C348: =TEXT(B348,"mmmm") -> November | D348: ="Q"&ROUNDUP(MONTH(B348)/3,0) -> Q4 | E348: =YEAR(B348) -> 2025

Sheet Fact_Sales
A1: TransactionID | B1: DateKey | C1: CustomerKey | D1: ProductKey | E1: Quantity | F1: SalesAmount
A2: =clean_sales!A2 -> TXN100000 | B2: =_xlfn.XLOOKUP(clean_sales!P2,Dim_Date!B:B,Dim_Date!A:A) -> 20250813 | C2: =_xlfn.XLOOKUP(clean_sales!C2,Dim_Customer!B:B,Dim_Customer!A:A) -> 1 | D2: =_xlfn.XLOOKUP(clean_sales!I2,Dim_Product!B:B,Dim_Product!A:A) -> 1 | E2: =clean_sales!L2 -> 5 | F2: =clean_sales!T2 -> 60000
A3: {=clean_sales!A3:A1201} -> TXN100001 | B3: =_xlfn.XLOOKUP(clean_sales!P3,Dim_Date!B:B,Dim_Date!A:A) -> 20250131 | C3: =_xlfn.XLOOKUP(clean_sales!C3,Dim_Customer!B:B,Dim_Customer!A:A) -> 2 | D3: =_xlfn.XLOOKUP(clean_sales!I3,Dim_Product!B:B,Dim_Product!A:A) -> 1 | E3: =clean_sales!L3 -> 3 | F3: =clean_sales!T3 -> 36000
A4: TXN100002 | B4: =_xlfn.XLOOKUP(clean_sales!P4,Dim_Date!B:B,Dim_Date!A:A) -> 20250810 | C4: =_xlfn.XLOOKUP(clean_sales!C4,Dim_Customer!B:B,Dim_Customer!A:A) -> 3 | D4: =_xlfn.XLOOKUP(clean_sales!I4,Dim_Product!B:B,Dim_Product!A:A) -> 2 | E4: =clean_sales!L4 -> 1 | F4: =clean_sales!T4 -> 65000
A5: TXN100003 | B5: =_xlfn.XLOOKUP(clean_sales!P5,Dim_Date!B:B,Dim_Date!A:A) -> 20251219 | C5: =_xlfn.XLOOKUP(clean_sales!C5,Dim_Customer!B:B,Dim_Customer!A:A) -> 4 | D5: =_xlfn.XLOOKUP(clean_sales!I5,Dim_Product!B:B,Dim_Product!A:A) -> 3 | E5: =clean_sales!L5 -> 4 | F5: =clean_sales!T5 -> 20000
A6: TXN100004 | B6: =_xlfn.XLOOKUP(clean_sales!P6,Dim_Date!B:B,Dim_Date!A:A) -> 20250501 | C6: =_xlfn.XLOOKUP(clean_sales!C6,Dim_Customer!B:B,Dim_Customer!A:A) -> 5 | D6: =_xlfn.XLOOKUP(clean_sales!I6,Dim_Product!B:B,Dim_Product!A:A) -> 4 | E6: =clean_sales!L6 -> 1 | F6: =clean_sales!T6 -> 4500
A7: TXN100005 | B7: =_xlfn.XLOOKUP(clean_sales!P7,Dim_Date!B:B,Dim_Date!A:A) -> 20250803 | C7: =_xlfn.XLOOKUP(clean_sales!C7,Dim_Customer!B:B,Dim_Customer!A:A) -> 6 | D7: =_xlfn.XLOOKUP(clean_sales!I7,Dim_Product!B:B,Dim_Product!A:A) -> 4 | E7: =clean_sales!L7 -> 4 | F7: =clean_sales!T7 -> 18000
A8: TXN100006 | B8: =_xlfn.XLOOKUP(clean_sales!P8,Dim_Date!B:B,Dim_Date!A:A) -> 20250522 | C8: =_xlfn.XLOOKUP(clean_sales!C8,Dim_Customer!B:B,Dim_Customer!A:A) -> 7 | D8: =_xlfn.XLOOKUP(clean_sales!I8,Dim_Product!B:B,Dim_Product!A:A) -> 2 | E8: =clean_sales!L8 -> 3 | F8: =clean_sales!T8 -> 195000
A9: TXN100007 | B9: =_xlfn.XLOOKUP(clean_sales!P9,Dim_Date!B:B,Dim_Date!A:A) -> 20250705 | C9: =_xlfn.XLOOKUP(clean_sales!C9,Dim_Customer!B:B,Dim_Customer!A:A) -> 8 | D9: =_xlfn.XLOOKUP(clean_sales!I9,Dim_Product!B:B,Dim_Product!A:A) -> 4 | E9: =clean_sales!L9 -> 4 | F9: =clean_sales!T9 -> 18000
A10: TXN100008 | B10: =_xlfn.XLOOKUP(clean_sales!P10,Dim_Date!B:B,Dim_Date!A:A) -> 20250512 | C10: =_xlfn.XLOOKUP(clean_sales!C10,Dim_Customer!B:B,Dim_Customer!A:A) -> 9 | D10: =_xlfn.XLOOKUP(clean_sales!I10,Dim_Product!B:B,Dim_Product!A:A) -> 5 | E10: =clean_sales!L10 -> 3 | F10: =clean_sales!T10 -> 5400
A11: TXN100009 | B11: =_xlfn.XLOOKUP(clean_sales!P11,Dim_Date!B:B,Dim_Date!A:A) -> 20250524 | C11: =_xlfn.XLOOKUP(clean_sales!C11,Dim_Customer!B:B,Dim_Customer!A:A) -> 10 | D11: =_xlfn.XLOOKUP(clean_sales!I11,Dim_Product!B:B,Dim_Product!A:A) -> 6 | E11: =clean_sales!L11 -> 1 | F11: =clean_sales!T11 -> 72000
A12: TXN100010 | B12: =_xlfn.XLOOKUP(clean_sales!P12,Dim_Date!B:B,Dim_Date!A:A) -> 20250725 | C12: =_xlfn.XLOOKUP(clean_sales!C12,Dim_Customer!B:B,Dim_Customer!A:A) -> 11 | D12: =_xlfn.XLOOKUP(clean_sales!I12,Dim_Product!B:B,Dim_Product!A:A) -> 5 | E12: =clean_sales!L12 -> 4 | F12: =clean_sales!T12 -> 7200
A13: TXN100011 | B13: =_xlfn.XLOOKUP(clean_sales!P13,Dim_Date!B:B,Dim_Date!A:A) -> 20250720 | C13: =_xlfn.XLOOKUP(clean_sales!C13,Dim_Customer!B:B,Dim_Customer!A:A) -> 12 | D13: =_xlfn.XLOOKUP(clean_sales!I13,Dim_Product!B:B,Dim_Product!A:A) -> 1 | E13: =clean_sales!L13 -> 2 | F13: =clean_sales!T13 -> 24000
A14: TXN100012 | B14: =_xlfn.XLOOKUP(clean_sales!P14,Dim_Date!B:B,Dim_Date!A:A) -> 20250220 | C14: =_xlfn.XLOOKUP(clean_sales!C14,Dim_Customer!B:B,Dim_Customer!A:A) -> 13 | D14: =_xlfn.XLOOKUP(clean_sales!I14,Dim_Product!B:B,Dim_Product!A:A) -> 4 | E14: =clean_sales!L14 -> 2 | F14: =clean_sales!T14 -> 9000
A15: TXN100013 | B15: =_xlfn.XLOOKUP(clean_sales!P15,Dim_Date!B:B,Dim_Date!A:A) -> 20251205 | C15: =_xlfn.XLOOKUP(clean_sales!C15,Dim_Customer!B:B,Dim_Customer!A:A) -> 14 | D15: =_xlfn.XLOOKUP(clean_sales!I15,Dim_Product!B:B,Dim_Product!A:A) -> 5 | E15: =clean_sales!L15 -> 5 | F15: =clean_sales!T15 -> 9000
... A1201: TXN101199 | B1201: =_xlfn.XLOOKUP(clean_sales!P1201,Dim_Date!B:B,Dim_Date!A:A) -> 20250526 | C1201: =_xlfn.XLOOKUP(clean_sales!C1201,Dim_Customer!B:B,Dim_Customer!A:A) -> 364 | D1201: =_xlfn.XLOOKUP(clean_sales!I1201,Dim_Product!B:B,Dim_Product!A:A) -> 4 | E1201: =clean_sales!L1201 -> 5 | F1201: =clean_sales!T1201 -> 22500

Sheet RFM_Analysis
A1: CustomerID | B1: LastPurchaseDate | C1: Recency | D1: Frequency | E1: Monetary | F1: R_Score | G1: F_Score | H1: M_Score | I1: RFM_Score | J1: Segment
A2: CUST1003 | B2: =_xlfn.MAXIFS(clean_sales!P:P,clean_sales!C:C,RFM_Analysis!A2) -> 45882 | C2: =TODAY()-B2 -> 146 | D2: =COUNTIFS(clean_sales!C:C,RFM_Analysis!A2) -> 2 | E2: =SUMIFS(clean_sales!T:T,clean_sales!C:C,RFM_Analysis!A2) -> 67200 | F2: =IF(C2<=PERCENTILE($C:$C,0.2),5, IF(C2<=PERCENTILE($C:$C,0.4),4, IF(C2<=PERCENTILE($C:$C,0.6),3, IF(C2<=PERCENTILE($C:$C,0.8),2,1)))) -> 3 | G2: =IF(D2<=PERCENTILE($D:$D,0.2),1, IF(D2<=PERCENTILE($D:$D,0.4),2, IF(D2<=PERCENTILE($D:$D,0.6),3, IF(D2<=PERCENTILE($D:$D,0.8),4,5)))) -> 3 | H2: =IF(E2<=PERCENTILE($E:$E,0.2),1, IF(E2<=PERCENTILE($E:$E,0.4),2, IF(E2<=PERCENTILE($E:$E,0.6),3, IF(E2<=PERCENTILE($E:$E,0.8),4,5)))) -> 3 | I2: =F2&G2&H2 -> 333 | J2: =IF(I2="555","Champions", IF(AND(F2>=4,G2>=4),"Loyal", IF(F2<=2,"At Risk","Regular"))) -> Regular
A3: CUST1262 | B3: =_xlfn.MAXIFS(clean_sales!P:P,clean_sales!C:C,RFM_Analysis!A3) -> 45938 | C3: =TODAY()-B3 -> 90 | D3: =COUNTIFS(clean_sales!C:C,RFM_Analysis!A3) -> 2 | E3: =SUMIFS(clean_sales!T:T,clean_sales!C:C,RFM_Analysis!A3) -> 41400 | F3: =IF(C3<=PERCENTILE($C:$C,0.2),5, IF(C3<=PERCENTILE($C:$C,0.4),4, IF(C3<=PERCENTILE($C:$C,0.6),3, IF(C3<=PERCENTILE($C:$C,0.8),2,1)))) -> 4 | G3: =IF(D3<=PERCENTILE($D:$D,0.2),1, IF(D3<=PERCENTILE($D:$D,0.4),2, IF(D3<=PERCENTILE($D:$D,0.6),3, IF(D3<=PERCENTILE($D:$D,0.8),4,5)))) -> 3 | H3: =IF(E3<=PERCENTILE($E:$E,0.2),1, IF(E3<=PERCENTILE($E:$E,0.4),2, IF(E3<=PERCENTILE($E:$E,0.6),3, IF(E3<=PERCENTILE($E:$E,0.8),4,5)))) -> 2 | I3: =F3&G3&H3 -> 432 | J3: =IF(I3="555","Champions", IF(AND(F3>=4,G3>=4),"Loyal", IF(F3<=2,"At Risk","Regular"))) -> Regular
A4: CUST1653 | B4: =_xlfn.MAXIFS(clean_sales!P:P,clean_sales!C:C,RFM_Analysis!A4) -> 45879 | C4: =TODAY()-B4 -> 149 | D4: =COUNTIFS(clean_sales!C:C,RFM_Analysis!A4) -> 1 | E4: =SUMIFS(clean_sales!T:T,clean_sales!C:C,RFM_Analysis!A4) -> 65000 | F4: =IF(C4<=PERCENTILE($C:$C,0.2),5, IF(C4<=PERCENTILE($C:$C,0.4),4, IF(C4<=PERCENTILE($C:$C,0.6),3, IF(C4<=PERCENTILE($C:$C,0.8),2,1)))) -> 3 | G4: =IF(D4<=PERCENTILE($D:$D,0.2),1, IF(D4<=PERCENTILE($D:$D,0.4),2, IF(D4<=PERCENTILE($D:$D,0.6),3, IF(D4<=PERCENTILE($D:$D,0.8),4,5)))) -> 1 | H4: =IF(E4<=PERCENTILE($E:$E,0.2),1, IF(E4<=PERCENTILE($E:$E,0.4),2, IF(E4<=PERCENTILE($E:$E,0.6),3, IF(E4<=PERCENTILE($E:$E,0.8),4,5)))) -> 3 | I4: =F4&G4&H4 -> 313 | J4: =IF(I4="555","Champions", IF(AND(F4>=4,G4>=4),"Loyal", IF(F4<=2,"At Risk","Regular"))) -> Regular
A5: CUST1254 | B5: =_xlfn.MAXIFS(clean_sales!P:P,clean_sales!C:C,RFM_Analysis!A5) -> 46010 | C5: =TODAY()-B5 -> 18 | D5: =COUNTIFS(clean_sales!C:C,RFM_Analysis!A5) -> 1 | E5: =SUMIFS(clean_sales!T:T,clean_sales!C:C,RFM_Analysis!A5) -> 20000 | F5: =IF(C5<=PERCENTILE($C:$C,0.2),5, IF(C5<=PERCENTILE($C:$C,0.4),4, IF(C5<=PERCENTILE($C:$C,0.6),3, IF(C5<=PERCENTILE($C:$C,0.8),2,1)))) -> 5 | G5: =IF(D5<=PERCENTILE($D:$D,0.2),1, IF(D5<=PERCENTILE($D:$D,0.4),2, IF(D5<=PERCENTILE($D:$D,0.6),3, IF(D5<=PERCENTILE($D:$D,0.8),4,5)))) -> 1 | H5: =IF(E5<=PERCENTILE($E:$E,0.2),1, IF(E5<=PERCENTILE($E:$E,0.4),2, IF(E5<=PERCENTILE($E:$E,0.6),3, IF(E5<=PERCENTILE($E:$E,0.8),4,5)))) -> 2 | I5: =F5&G5&H5 -> 512 | J5: =IF(I5="555","Champions", IF(AND(F5>=4,G5>=4),"Loyal", IF(F5<=2,"At Risk","Regular"))) -> Regular
A6: CUST1749 | B6: =_xlfn.MAXIFS(clean_sales!P:P,clean_sales!C:C,RFM_Analysis!A6) -> 45778 | C6: =TODAY()-B6 -> 250 | D6: =COUNTIFS(clean_sales!C:C,RFM_Analysis!A6) -> 1 | E6: =SUMIFS(clean_sales!T:T,clean_sales!C:C,RFM_Analysis!A6) -> 4500 | F6: =IF(C6<=PERCENTILE($C:$C,0.2),5, IF(C6<=PERCENTILE($C:$C,0.4),4, IF(C6<=PERCENTILE($C:$C,0.6),3, IF(C6<=PERCENTILE($C:$C,0.8),2,1)))) -> 1 | G6: =IF(D6<=PERCENTILE($D:$D,0.2),1, IF(D6<=PERCENTILE($D:$D,0.4),2, IF(D6<=PERCENTILE($D:$D,0.6),3, IF(D6<=PERCENTILE($D:$D,0.8),4,5)))) -> 1 | H6: =IF(E6<=PERCENTILE($E:$E,0.2),1, IF(E6<=PERCENTILE($E:$E,0.4),2, IF(E6<=PERCENTILE($E:$E,0.6),3, IF(E6<=PERCENTILE($E:$E,0.8),4,5)))) -> 1 | I6: =F6&G6&H6 -> 111 | J6: =IF(I6="555","Champions", IF(AND(F6>=4,G6>=4),"Loyal", IF(F6<=2,"At Risk","Regular"))) -> At Risk
A7: CUST1692 | B7: =_xlfn.MAXIFS(clean_sales!P:P,clean_sales!C:C,RFM_Analysis!A7) -> 45872 | C7: =TODAY()-B7 -> 156 | D7: =COUNTIFS(clean_sales!C:C,RFM_Analysis!A7) -> 3 | E7: =SUMIFS(clean_sales!T:T,clean_sales!C:C,RFM_Analysis!A7) -> 37200 | F7: =IF(C7<=PERCENTILE($C:$C,0.2),5, IF(C7<=PERCENTILE($C:$C,0.4),4, IF(C7<=PERCENTILE($C:$C,0.6),3, IF(C7<=PERCENTILE($C:$C,0.8),2,1)))) -> 3 | G7: =IF(D7<=PERCENTILE($D:$D,0.2),1, IF(D7<=PERCENTILE($D:$D,0.4),2, IF(D7<=PERCENTILE($D:$D,0.6),3, IF(D7<=PERCENTILE($D:$D,0.8),4,5)))) -> 5 | H7: =IF(E7<=PERCENTILE($E:$E,0.2),1, IF(E7<=PERCENTILE($E:$E,0.4),2, IF(E7<=PERCENTILE($E:$E,0.6),3, IF(E7<=PERCENTILE($E:$E,0.8),4,5)))) -> 2 | I7: =F7&G7&H7 -> 352 | J7: =IF(I7="555","Champions", IF(AND(F7>=4,G7>=4),"Loyal", IF(F7<=2,"At Risk","Regular"))) -> Regular
A8: CUST1645 | B8: =_xlfn.MAXIFS(clean_sales!P:P,clean_sales!C:C,RFM_Analysis!A8) -> 45804 | C8: =TODAY()-B8 -> 224 | D8: =COUNTIFS(clean_sales!C:C,RFM_Analysis!A8) -> 2 | E8: =SUMIFS(clean_sales!T:T,clean_sales!C:C,RFM_Analysis!A8) -> 208500 | F8: =IF(C8<=PERCENTILE($C:$C,0.2),5, IF(C8<=PERCENTILE($C:$C,0.4),4, IF(C8<=PERCENTILE($C:$C,0.6),3, IF(C8<=PERCENTILE($C:$C,0.8),2,1)))) -> 2 | G8: =IF(D8<=PERCENTILE($D:$D,0.2),1, IF(D8<=PERCENTILE($D:$D,0.4),2, IF(D8<=PERCENTILE($D:$D,0.6),3, IF(D8<=PERCENTILE($D:$D,0.8),4,5)))) -> 3 | H8: =IF(E8<=PERCENTILE($E:$E,0.2),1, IF(E8<=PERCENTILE($E:$E,0.4),2, IF(E8<=PERCENTILE($E:$E,0.6),3, IF(E8<=PERCENTILE($E:$E,0.8),4,5)))) -> 4 | I8: =F8&G8&H8 -> 234 | J8: =IF(I8="555","Champions", IF(AND(F8>=4,G8>=4),"Loyal", IF(F8<=2,"At Risk","Regular"))) -> At Risk
A9: CUST1173 | B9: =_xlfn.MAXIFS(clean_sales!P:P,clean_sales!C:C,RFM_Analysis!A9) -> 45843 | C9: =TODAY()-B9 -> 185 | D9: =COUNTIFS(clean_sales!C:C,RFM_Analysis!A9) -> 2 | E9: =SUMIFS(clean_sales!T:T,clean_sales!C:C,RFM_Analysis!A9) -> 31500 | F9: =IF(C9<=PERCENTILE($C:$C,0.2),5, IF(C9<=PERCENTILE($C:$C,0.4),4, IF(C9<=PERCENTILE($C:$C,0.6),3, IF(C9<=PERCENTILE($C:$C,0.8),2,1)))) -> 2 | G9: =IF(D9<=PERCENTILE($D:$D,0.2),1, IF(D9<=PERCENTILE($D:$D,0.4),2, IF(D9<=PERCENTILE($D:$D,0.6),3, IF(D9<=PERCENTILE($D:$D,0.8),4,5)))) -> 3 | H9: =IF(E9<=PERCENTILE($E:$E,0.2),1, IF(E9<=PERCENTILE($E:$E,0.4),2, IF(E9<=PERCENTILE($E:$E,0.6),3, IF(E9<=PERCENTILE($E:$E,0.8),4,5)))) -> 2 | I9: =F9&G9&H9 -> 232 | J9: =IF(I9="555","Champions", IF(AND(F9>=4,G9>=4),"Loyal", IF(F9<=2,"At Risk","Regular"))) -> At Risk
A10: CUST1343 | B10: =_xlfn.MAXIFS(clean_sales!P:P,clean_sales!C:C,RFM_Analysis!A10) -> 45939 | C10: =TODAY()-B10 -> 89 | D10: =COUNTIFS(clean_sales!C:C,RFM_Analysis!A10) -> 3 | E10: =SUMIFS(clean_sales!T:T,clean_sales!C:C,RFM_Analysis!A10) -> 310400 | F10: =IF(C10<=PERCENTILE($C:$C,0.2),5, IF(C10<=PERCENTILE($C:$C,0.4),4, IF(C10<=PERCENTILE($C:$C,0.6),3, IF(C10<=PERCENTILE($C:$C,0.8),2,1)))) -> 4 | G10: =IF(D10<=PERCENTILE($D:$D,0.2),1, IF(D10<=PERCENTILE($D:$D,0.4),2, IF(D10<=PERCENTILE($D:$D,0.6),3, IF(D10<=PERCENTILE($D:$D,0.8),4,5)))) -> 5 | H10: =IF(E10<=PERCENTILE($E:$E,0.2),1, IF(E10<=PERCENTILE($E:$E,0.4),2, IF(E10<=PERCENTILE($E:$E,0.6),3, IF(E10<=PERCENTILE($E:$E,0.8),4,5)))) -> 5 | I10: =F10&G10&H10 -> 455 | J10: =IF(I10="555","Champions", IF(AND(F10>=4,G10>=4),"Loyal", IF(F10<=2,"At Risk","Regular"))) -> Loyal
A11: CUST1049 | B11: =_xlfn.MAXIFS(clean_sales!P:P,clean_sales!C:C,RFM_Analysis!A11) -> 45801 | C11: =TODAY()-B11 -> 227 | D11: =COUNTIFS(clean_sales!C:C,RFM_Analysis!A11) -> 1 | E11: =SUMIFS(clean_sales!T:T,clean_sales!C:C,RFM_Analysis!A11) -> 72000 | F11: =IF(C11<=PERCENTILE($C:$C,0.2),5, IF(C11<=PERCENTILE($C:$C,0.4),4, IF(C11<=PERCENTILE($C:$C,0.6),3, IF(C11<=PERCENTILE($C:$C,0.8),2,1)))) -> 2 | G11: =IF(D11<=PERCENTILE($D:$D,0.2),1, IF(D11<=PERCENTILE($D:$D,0.4),2, IF(D11<=PERCENTILE($D:$D,0.6),3, IF(D11<=PERCENTILE($D:$D,0.8),4,5)))) -> 1 | H11: =IF(E11<=PERCENTILE($E:$E,0.2),1, IF(E11<=PERCENTILE($E:$E,0.4),2, IF(E11<=PERCENTILE($E:$E,0.6),3, IF(E11<=PERCENTILE($E:$E,0.8),4,5)))) -> 3 | I11: =F11&G11&H11 -> 213 | J11: =IF(I11="555","Champions", IF(AND(F11>=4,G11>=4),"Loyal", IF(F11<=2,"At Risk","Regular"))) -> At Risk
A12: CUST1034 | B12: =_xlfn.MAXIFS(clean_sales!P:P,clean_sales!C:C,RFM_Analysis!A12) -> 45863 | C12: =TODAY()-B12 -> 165 | D12: =COUNTIFS(clean_sales!C:C,RFM_Analysis!A12) -> 3 | E12: =SUMIFS(clean_sales!T:T,clean_sales!C:C,RFM_Analysis!A12) -> 253200 | F12: =IF(C12<=PERCENTILE($C:$C,0.2),5, IF(C12<=PERCENTILE($C:$C,0.4),4, IF(C12<=PERCENTILE($C:$C,0.6),3, IF(C12<=PERCENTILE($C:$C,0.8),2,1)))) -> 3 | G12: =IF(D12<=PERCENTILE($D:$D,0.2),1, IF(D12<=PERCENTILE($D:$D,0.4),2, IF(D12<=PERCENTILE($D:$D,0.6),3, IF(D12<=PERCENTILE($D:$D,0.8),4,5)))) -> 5 | H12: =IF(E12<=PERCENTILE($E:$E,0.2),1, IF(E12<=PERCENTILE($E:$E,0.4),2, IF(E12<=PERCENTILE($E:$E,0.6),3, IF(E12<=PERCENTILE($E:$E,0.8),4,5)))) -> 4 | I12: =F12&G12&H12 -> 354 | J12: =IF(I12="555","Champions", IF(AND(F12>=4,G12>=4),"Loyal", IF(F12<=2,"At Risk","Regular"))) -> Regular
A13: CUST1819 | B13: =_xlfn.MAXIFS(clean_sales!P:P,clean_sales!C:C,RFM_Analysis!A13) -> 45858 | C13: =TODAY()-B13 -> 170 | D13: =COUNTIFS(clean_sales!C:C,RFM_Analysis!A13) -> 2 | E13: =SUMIFS(clean_sales!T:T,clean_sales!C:C,RFM_Analysis!A13) -> 46500 | F13: =IF(C13<=PERCENTILE($C:$C,0.2),5, IF(C13<=PERCENTILE($C:$C,0.4),4, IF(C13<=PERCENTILE($C:$C,0.6),3, IF(C13<=PERCENTILE($C:$C,0.8),2,1)))) -> 2 | G13: =IF(D13<=PERCENTILE($D:$D,0.2),1, IF(D13<=PERCENTILE($D:$D,0.4),2, IF(D13<=PERCENTILE($D:$D,0.6),3, IF(D13<=PERCENTILE($D:$D,0.8),4,5)))) -> 3 | H13: =IF(E13<=PERCENTILE($E:$E,0.2),1, IF(E13<=PERCENTILE($E:$E,0.4),2, IF(E13<=PERCENTILE($E:$E,0.6),3, IF(E13<=PERCENTILE($E:$E,0.8),4,5)))) -> 2 | I13: =F13&G13&H13 -> 232 | J13: =IF(I13="555","Champions", IF(AND(F13>=4,G13>=4),"Loyal", IF(F13<=2,"At Risk","Regular"))) -> At Risk
... A696: CUST1157 | B696: =_xlfn.MAXIFS(clean_sales!P:P,clean_sales!C:C,RFM_Analysis!A696) -> 45819 | C696: =TODAY()-B696 -> 209 | D696: =COUNTIFS(clean_sales!C:C,RFM_Analysis!A696) -> 1 | E696: =SUMIFS(clean_sales!T:T,clean_sales!C:C,RFM_Analysis!A696) -> 12000 | F696: =IF(C696<=PERCENTILE($C:$C,0.2),5, IF(C696<=PERCENTILE($C:$C,0.4),4, IF(C696<=PERCENTILE($C:$C,0.6),3, IF(C696<=PERCENTILE($C:$C,0.8),2,1)))) -> 2 | G696: =IF(D696<=PERCENTILE($D:$D,0.2),1, IF(D696<=PERCENTILE($D:$D,0.4),2, IF(D696<=PERCENTILE($D:$D,0.6),3, IF(D696<=PERCENTILE($D:$D,0.8),4,5)))) -> 1 | H696: =IF(E696<=PERCENTILE($E:$E,0.2),1, IF(E696<=PERCENTILE($E:$E,0.4),2, IF(E696<=PERCENTILE($E:$E,0.6),3, IF(E696<=PERCENTILE($E:$E,0.8),4,5)))) -> 1 | I696: =F696&G696&H696 -> 211 | J696: =IF(I696="555","Champions", IF(AND(F696>=4,G696>=4),"Loyal", IF(F696<=2,"At Risk","Regular"))) -> At Risk
